{
    "answers": {
        "phase": "design",
        "action": "microservices definition",
        "scope": "backend",
        "action experience": 4,
        "prog lang": "js-node",
        "other prog lang": "MongoDB",
        "aimodel": "chatgpt",
        "aimodel version": "4.o ",
        "lmstudio-hosted aimodel": "<fill-in>",
        "tool option": "online free",
        "experience with tool": 4,
        "time allocated (h)": "1",
        "time saved estimate (h)": "0.7", 
        "quality of ai help": 4,
        "knowledge acquired": 2,
        "generic feeling - now": 3,
        "generic feeling - future": 3,
        "threat level": 1,
        "notes": "<fill in>"
    }
}

