{
    "answers": {
        "phase": "design",
        "action": "code management",
        "scope": "frontend",
        "action experience": 3,
        "prog lang": "js-node",
        "other prog lang": "<fill in>",
        "aimodel": "chatgpt",
        "aimodel version": 4,
        "lmstudio-hosted aimodel": "<fill-in>",
        "tool option": "online free",
        "experience with tool": 3,
        "time allocated (h)": "0.4",
        "time saved estimate (h)": "0.2", 
        "quality of ai help": 3,
        "knowledge acquired": 2,
        "generic feeling - now": 3,
        "generic feeling - future": 3,
        "threat level": 2,
        "notes": "<fill in>"
    }
}