{
    "answers": {
      "phase": "coding",
      "action": "code management",
      "scope": "backend",
      "action experience": 4,
      "prog lang": "js-node",
      "other prog lang": "<fill in>",
      "aimodel": "chatgpt",
      "aimodel version": "4.o",
      "lmstudio-hosted aimodel": "<fill in>",
      "tool option": "online free",
      "experience with tool": 4,
      "time allocated (h)": "0.5",
      "time saved estimate (h)": "0.5>",
      "quality of ai help": 4,
      "knowledge acquired": 2,
      "generic feeling - now": 4,
      "generic feeling - future": 3,
      "threat level": 1,
      "notes": "<fill in>"
    }
  }
  