{
    "answers": {
        "phase": "architecture",
        "action": "microservices definition",
        "scope": "uml deployment",
        "action experience": 3,
        "prog lang": "js-node",
        "other prog lang": "<fill in>",
        "aimodel": "chatgpt",
        "aimodel version": 4,
        "lmstudio-hosted aimodel": "<fill-in>",
        "tool option": "online free",
        "experience with tool": 4,
        "time allocated (h)": "0.15",
        "time saved estimate (h)": "0.15", 
        "quality of ai help": 5,
        "knowledge acquired": 4,
        "generic feeling - now": 3,
        "generic feeling - future": 3,
        "threat level": 1,
        "notes": "<fill in>"
    }
}