{
    "answers": {
        "phase": "architecture",
        "action": "microservices definition",
        "scope": ["frontend"],
        "action experience": 1,
        "prog lang": "js",
        "other prog lang": "<fill in>",
        "aimodel": "chatgpt",
        "aimodel version": "<fill in>",
        "lmstudio-hosted aimodel": "<fill-in>",
        "tool option": "online free",
        "experience with tool": 4,
        "time allocated (h)": "0.1",
        "time saved estimate (h)": "1", 
        "quality of ai help": 4,
        "knowledge acquired": 4,
        "generic feeling - now": 3, 
        "generic feeling - future": 4, 
        "threat level": 0,
        "notes": "<fill in>"
    }
}