{
    "answers": {
        "phase": "deployment",
        "action": "container structuring", 
        "scope": "container configuration",
        "action experience": 1,
        "prog lang": "js-node", 
        "other prog lang": "<fill in>",
        "aimodel": "chatgpt",
        "aimodel version": "4",
        "lmstudio-hosted aimodel": "<fill-in>",
        "tool option": "online free",
        "experience with tool": 5,
        "time allocated (h)": "0.2",
        "time saved estimate (h)": "1", 
        "quality of ai help": 3,
        "knowledge acquired": 4,
        "generic feeling - now": 3, 
        "generic feeling - future": 4,
        "threat level": 0, 
        "notes": "<fill in>"
    }
}