{
    "answers": {
        "phase": "coding",
        "action": "orchestration design",
        "scope": "messaging deployment",
        "action experience": 0,
        "prog lang": "python",
        "other prog lang": "<fill in>",
        "aimodel": "chatgpt",
        "aimodel version": "<fill in>",
        "lmstudio-hosted aimodel": "<fill-in>",
        "tool option": "online free",
        "experience with tool": 5,
        "time allocated (h)": "1",
        "time saved estimate (h)": "2", 
        "quality of ai help": 4,
        "knowledge acquired": 4,
        "generic feeling - now": 3,
        "generic feeling - future":  4,
        "threat level": 3,
        "notes": "<fill in>"
    }
}