{
    "answers": {
        "phase": "deployment",
        "action": "code management",
        "scope": "container configuration",
        "action experience": 4,
        "prog lang": "js-node",
        "other prog lang": "<fill in>",
        "aimodel": "chatgpt",
        "aimodel version": 4,
        "lmstudio-hosted aimodel": "<fill-in>",
        "tool option": "online free",
        "experience with tool": 4,
        "time allocated (h)": "0.1",
        "time saved estimate (h)": "0.8", 
        "quality of ai help": 4,
        "knowledge acquired": 3,
        "generic feeling - now": 4,
        "generic feeling - future": 2,
        "threat level": 3,
        "notes": "<fill in>"
    }
}