{
    "answers": {
        "phase": "design",
        "action": "microservices definition",
        "scope":  "api",
        "action experience": 4,
        "prog lang": "python",
        "other prog lang": "<fill in>",
        "aimodel": "chatgpt",
        "aimodel version": "4.o ",
        "lmstudio-hosted aimodel": "<fill-in>",
        "tool option": "online free",
        "experience with tool": 4,
        "time allocated (h)": "1",
        "time saved estimate (h)": "0", 
        "quality of ai help": 1,
        "knowledge acquired": 1,
        "generic feeling - now": 2,
        "generic feeling - future": 1,
        "threat level": 1,
        "notes": "<fill in>"
    }
}