{
    "answers": {
      "phase": "architecture",
      "action": "data design",
      "scope": "uml component",
      "action experience": 4,
      "prog lang": "n/a",
      "other prog lang": "<fill in>",
      "aimodel": "chatgpt",
      "aimodel version": "4o>",
      "lmstudio-hosted aimodel": "<fill in>",
      "tool option": "online free",
      "experience with tool": 4,
      "time allocated (h)": "2",
      "time saved estimate (h)": "0.5",
      "quality of ai help": 3,
      "knowledge acquired": 2,
      "generic feeling - now": 3,
      "generic feeling - future": 3,
      "threat level": 1,
      "notes": "<fill in>"
    }
  }
  