{
    "answers": {
        "phase": "design",
        "action": "api design",
        "scope": "api",
        "action experience": 4,
        "prog lang": "n/a",
        "other prog lang": "<fill in>",
        "aimodel": "chatgpt" ,
        "aimodel version": "4.o",
        "lmstudio-hosted aimodel": "<fill-in>",
        "tool option": "online free",
        "experience with tool": 4,
        "time allocated (h)": "1.5",
        "time saved estimate (h)": "1", 
        "quality of ai help": 3,
        "knowledge acquired": 1,
        "generic feeling - now": 3,
        "generic feeling - future": 3,
        "threat level": 1,
        "notes": "<fill in>"
    }
}