{
    "answers": {
        "phase": "coding",
        "action": "container structuring",
        "scope": "container configuration",
        "action experience": 0,
        "prog lang": "yaml/json",
        "other prog lang": "<fill in>",
        "aimodel": "chatgpt",
        "aimodel version": "<fill in>",
        "lmstudio-hosted aimodel": "<fill-in>",
        "tool option": "online free",
        "experience with tool": 4,
        "time allocated (h)": "0.5",
        "time saved estimate (h)": "2", 
        "quality of ai help": 5,
        "knowledge acquired": 3,
        "generic feeling - now": 3,
        "generic feeling - future": 5,
        "threat level": 3,
        "notes": "<fill in>"
    }
}